Região Intermediária,Região Imediata,Cód. IBGE,Município,População,Área (km²),Densidade (hab./km²),IDHM
Curitiba,Curitiba,4100202,Adrianópolis,6.319,"1.343,90","4,70","0,667"
Curitiba,Curitiba,4100301,Agudos do Sul,10.770,"191,34","56,29","0,660"
Curitiba,Curitiba,4100400,Almirante Tamandaré,125.861,"193,74","649,64","0,699"
Curitiba,Curitiba,4101804,Araucária,162.247,"469,55","345,54","0,740"
Curitiba,Curitiba,4102307,Balsa Nova,13.867,"347,59","39,89","0,696"
Curitiba,Curitiba,4103107,Bocaiúva do Sul,13.405,"809,68","16,56","0,640"
Curitiba,Curitiba,4104006,Campina Grande do Sul,50.600,"542,24","93,32","0,718"
Curitiba,Curitiba,4104204,Campo Largo,144.504,"1.239,80","116,55","0,745"
Curitiba,Curitiba,4104253,Campo Magro,31.888,"275,42","115,78","0,701"
Curitiba,Curitiba,4104105,Campo do Tenente,7.693,"303,96","25,31","0,686"
Curitiba,Curitiba,4105201,Cerro Azul,16.287,"1.353,26","12,04","0,573"
Curitiba,Curitiba,4105805,Colombo,241.672,"197,37","1.224,46","0,733"
Curitiba,Curitiba,4106209,Contenda,20.006,"296,49","67,48","0,681"
Curitiba,Curitiba,4106902,Curitiba,1.830.795,"435,41","4.204,76","0,823"
Curitiba,Curitiba,4128633,Doutor Ulysses,5.744,"779,63","7,37","0,546"
Curitiba,Curitiba,4107652,Fazenda Rio Grande,165.943,"116,41","1.425,50","0,720"
Curitiba,Curitiba,4111258,Itaperuçu,33.310,"322,55","103,27","0,637"
Curitiba,Curitiba,4113205,Lapa,45.878,"2.100,39","21,84","0,706"
Curitiba,Curitiba,4114302,Mandirituba,29.104,"378,82","76,83","0,655"
Curitiba,Curitiba,4119152,Pinhais,131.255,"61,01","2.151,37","0,751"
Curitiba,Curitiba,4119509,Piraquara,127.433,"225,07","566,19","0,700"
Curitiba,Curitiba,4119103,Piên,14.409,"256,50","56,18","0,694"
Curitiba,Curitiba,4120804,Quatro Barras,25.397,"181,57","139,87","0,742"
Curitiba,Curitiba,4121208,Quitandinha,18.882,"446,60","42,28","0,680"
Curitiba,Curitiba,4122206,Rio Branco do Sul,40.308,"820,07","49,15","0,679"
Curitiba,Curitiba,4122305,Rio Negro,31.951,"604,48","52,86","0,760"
Curitiba,Curitiba,4125506,São José dos Pinhais,349.880,"945,51","370,04","0,758"
Curitiba,Curitiba,4127601,Tijucas do Sul,18.458,"672,60","27,44","0,636"
Curitiba,Curitiba,4127882,Tunas do Paraná,6.304,"670,90","9,40","0,611"
Curitiba,Curitiba,SÍNTESE,SÍNTESE,3.720.170,"16.581,86","224,35","0,772"
Curitiba,Paranaguá,4101200,Antonina,18.140,"890,07","20,38","0,687"
Curitiba,Paranaguá,4109500,Guaraqueçaba,7.446,"2.011,26","3,70","0,587"
Curitiba,Paranaguá,4109609,Guaratuba,44.913,"1.320,95","34,00","0,717"
Curitiba,Paranaguá,4115705,Matinhos,42.063,"117,48","358,04","0,743"
Curitiba,Paranaguá,4116208,Morretes,19.089,"686,49","27,81","0,686"
Curitiba,Paranaguá,4118204,Paranaguá,150.104,"821,43","182,73","0,750"
Curitiba,Paranaguá,4119954,Pontal do Paraná,33.131,"202,24","163,82","0,738"
Curitiba,Paranaguá,SÍNTESE,SÍNTESE,314.886,"6.049,92","52,05","0,732"
Curitiba,União da Vitória,4101309,Antônio Olinto,7.048,"463,69","15,20","0,656"
Curitiba,União da Vitória,4102901,Bituruna,15.650,"1.280,76","12,22","0,667"
Curitiba,União da Vitória,4106803,Cruz Machado,15.759,"1.474,20","10,69","0,664"
Curitiba,União da Vitória,4108502,General Carneiro,10.691,"1.068,37","10,01","0,652"
Curitiba,União da Vitória,4118600,Paula Freitas,5.706,"417,83","13,66","0,717"
Curitiba,União da Vitória,4118709,Paulo Frontin,6.414,"363,17","17,66","0,708"
Curitiba,União da Vitória,4120309,Porto Vitória,3.515,"210,24","16,72","0,685"
Curitiba,União da Vitória,4125605,São Mateus do Sul,43.490,"1.344,74","32,34","0,719"
Curitiba,União da Vitória,4128203,União da Vitória,56.560,"727,44","77,75","0,740"
Curitiba,União da Vitória,SÍNTESE,SÍNTESE,164.833,"7.350,44","22,42","0,708"
Guarapuava,Guarapuava,4103958,Campina do Simão,3.954,"448,03","8,83","0,630"
Guarapuava,Guarapuava,4104428,Candói,15.174,"1.509,72","10,05","0,635"
Guarapuava,Guarapuava,4104451,Cantagalo,10.672,"568,93","18,76","0,635"
Guarapuava,Guarapuava,4108452,Foz do Jordão,4.893,"230,72","21,21","0,645"
Guarapuava,Guarapuava,4108650,Goioxim,6.469,"702,28","9,21","0,641"
Guarapuava,Guarapuava,4108957,Guamiranga,7.916,"244,59","32,36","0,669"
Guarapuava,Guarapuava,4109401,Guarapuava,189.630,"3.163,89","59,94","0,731"
Guarapuava,Guarapuava,4110201,Inácio Martins,9.555,"938,13","10,19","0,600"
Guarapuava,Guarapuava,4119301,Pinhão,30.451,"2.003,80","15,20","0,654"
Guarapuava,Guarapuava,4120606,Prudentópolis,50.946,"2.257,86","22,56","0,676"
Guarapuava,Guarapuava,4121752,Reserva do Iguaçu,6.493,"833,09","7,79","0,648"
Guarapuava,Guarapuava,4127965,Turvo,14.101,"936,04","15,06","0,672"
Guarapuava,Guarapuava,SÍNTESE,SÍNTESE,350.254,"13.837,08","25,31","0,696"
Guarapuava,Pitanga,4103040,Boa Ventura de São Roque,6.241,"606,94","10,28","0,655"
Guarapuava,Pitanga,4113254,Laranjal,5.525,"559,44","9,88","0,585"
Guarapuava,Pitanga,4115739,Mato Rico,3.249,"402,53","8,07","0,632"
Guarapuava,Pitanga,4117271,Nova Tebas,6.852,"545,66","12,56","0,651"
Guarapuava,Pitanga,4117800,Palmital,12.879,"821,73","15,67","0,639"
Guarapuava,Pitanga,4119608,Pitanga,34.527,"1.687,45","20,46","0,702"
Guarapuava,Pitanga,4123857,Santa Maria do Oeste,9.869,"815,15","12,11","0,609"
Guarapuava,Pitanga,SÍNTESE,SÍNTESE,79.142,"5.438,90","14,55","0,661"
Cascavel,Cascavel,4101051,Anahy,2.971,"104,09","28,54","0,695"
Cascavel,Cascavel,4103057,Boa Vista da Aparecida,8.023,"265,64","30,20","0,670"
Cascavel,Cascavel,4103354,Braganey,4.745,"343,26","13,82","0,701"
Cascavel,Cascavel,4103453,Cafelândia,20.145,"275,17","73,21","0,748"
Cascavel,Cascavel,4104055,Campo Bonito,3.997,"434,12","9,21","0,681"
Cascavel,Cascavel,4104600,Capitão Leônidas Marques,14.776,"280,11","52,75","0,716"
Cascavel,Cascavel,4104808,Cascavel,368.195,"2.094,26","175,81","0,782"
Cascavel,Cascavel,4105003,Catanduvas,10.621,"578,49","18,36","0,678"
Cascavel,Cascavel,4106308,Corbélia,17.933,"527,61","33,99","0,738"
Cascavel,Cascavel,4105300,Céu Azul,11.255,"1.176,52","9,57","0,732"
Cascavel,Cascavel,4107157,Diamante D'Oeste,4.513,"310,62","14,53","0,644"
Cascavel,Cascavel,4107124,Diamante do Sul,3.147,"347,23","9,06","0,608"
Cascavel,Cascavel,4109302,Guaraniaçu,13.770,"1.237,77","11,12","0,677"
Cascavel,Cascavel,4109757,Ibema,6.343,"146,55","43,28","0,685"
Cascavel,Cascavel,4110052,Iguatu,2.156,"106,94","20,16","0,703"
Cascavel,Cascavel,4113452,Lindoeste,5.217,"344,69","15,14","0,666"
Cascavel,Cascavel,4115606,Matelândia,19.223,"642,12","29,94","0,725"
Cascavel,Cascavel,4116703,Nova Aurora,14.331,"471,18","30,42","0,733"
Cascavel,Cascavel,4121257,Ramilândia,4.279,"235,42","18,18","0,630"
Cascavel,Cascavel,4123824,Santa Lúcia,3.638,"126,81","28,69","0,687"
Cascavel,Cascavel,4124020,Santa Tereza do Oeste,13.938,"327,74","42,53","0,705"
Cascavel,Cascavel,4127858,Três Barras do Paraná,11.157,"506,96","22,01","0,681"
Cascavel,Cascavel,4128559,Vera Cruz do Oeste,8.178,"330,60","24,74","0,699"
Cascavel,Cascavel,SÍNTESE,SÍNTESE,572.551,"11.213,90","51,06","0,755"
Cascavel,Foz do Iguaçu,4108304,Foz do Iguaçu,297.352,"606,50","490,28","0,751"
Cascavel,Foz do Iguaçu,4110953,Itaipulândia,12.116,"328,21","36,92","0,738"
Cascavel,Foz do Iguaçu,4115804,Medianeira,57.910,"326,67","177,27","0,763"
Cascavel,Foz do Iguaçu,4116059,Missal,11.423,"326,21","35,02","0,711"
Cascavel,Foz do Iguaçu,4124053,Santa Terezinha de Itaipu,25.300,"270,95","93,38","0,738"
Cascavel,Foz do Iguaçu,4126355,Serranópolis do Iguaçu,5.161,"482,99","10,69","0,762"
Cascavel,Foz do Iguaçu,4125704,São Miguel do Iguaçu,30.416,"852,13","35,69","0,704"
Cascavel,Foz do Iguaçu,SÍNTESE,SÍNTESE,439.678,"3.193,66","137,67","0,747"
Cascavel,Toledo,4102000,Assis Chateaubriand,38.357,"980,82","39,11","0,729"
Cascavel,Toledo,4108205,Formosa do Oeste,7.763,"275,65","28,16","0,723"
Cascavel,Toledo,4108809,Guaíra,33.058,"563,41","58,67","0,724"
Cascavel,Toledo,4110656,Iracema do Oeste,2.328,"81,54","28,55","0,707"
Cascavel,Toledo,4112751,Jesuítas,10.954,"246,61","44,42","0,705"
Cascavel,Toledo,4115358,Maripá,6.824,"283,79","24,05","0,758"
Cascavel,Toledo,4117453,Ouro Verde do Oeste,7.102,"293,04","24,24","0,709"
Cascavel,Toledo,4117909,Palotina,37.039,"651,24","56,87","0,768"
Cascavel,Toledo,4123501,Santa Helena,26.461,"754,00","35,09","0,744"
Cascavel,Toledo,4125456,São José das Palmeiras,4.031,"182,63","22,07","0,713"
Cascavel,Toledo,4125753,São Pedro do Iguaçu,5.730,"309,10","18,54","0,683"
Cascavel,Toledo,4127403,Terra Roxa,18.636,"801,14","23,26","0,714"
Cascavel,Toledo,4127700,Toledo,160.701,"1.197,22","134,23","0,768"
Cascavel,Toledo,4127957,Tupãssi,8.208,"299,09","27,44","0,730"
Cascavel,Toledo,SÍNTESE,SÍNTESE,367.192,"6.919,28","53,07","0,748"
Cascavel,Francisco Beltrão,4101002,Ampére,20.337,"297,17","68,44","0,709"
Cascavel,Francisco Beltrão,4102604,Barracão,9.903,"161,81","61,20","0,706"
Cascavel,Francisco Beltrão,4102752,Bela Vista da Caroba,4.122,"148,86","27,69","0,681"
Cascavel,Francisco Beltrão,4103156,Bom Jesus do Sul,4.072,"175,54","23,20","0,697"
Cascavel,Francisco Beltrão,4104501,Capanema,21.088,"415,96","50,70","0,706"
Cascavel,Francisco Beltrão,4107405,Enéas Marques,6.146,"196,24","31,32","0,752"
Cascavel,Francisco Beltrão,4107850,Flor da Serra do Sul,4.342,"256,16","16,95","0,682"
Cascavel,Francisco Beltrão,4108403,Francisco Beltrão,102.312,"731,38","139,89","0,774"
Cascavel,Francisco Beltrão,4114351,Manfrinópolis,2.790,"214,76","12,99","0,645"
Cascavel,Francisco Beltrão,4115408,Marmeleiro,16.605,"388,54","42,74","0,722"
Cascavel,Francisco Beltrão,4116950,Nova Esperança do Sudoeste,5.783,"207,85","27,82","0,714"
Cascavel,Francisco Beltrão,4119251,Pinhal de São Bento,2.805,"98,06","28,60","0,695"
Cascavel,Francisco Beltrão,4119806,Planalto,14.722,"347,97","42,31","0,706"
Cascavel,Francisco Beltrão,4120358,Pranchita,5.831,"226,09","25,79","0,752"
Cascavel,Francisco Beltrão,4119004,Pérola d'Oeste,6.218,"204,33","30,43","0,726"
Cascavel,Francisco Beltrão,4121406,Realeza,20.097,"353,92","56,78","0,722"
Cascavel,Francisco Beltrão,4121604,Renascença,6.945,"425,95","16,30","0,733"
Cascavel,Francisco Beltrão,4122800,Salgado Filho,4.090,"182,62","22,40","0,700"
Cascavel,Francisco Beltrão,4123808,Santa Izabel do Oeste,14.462,"321,00","45,05","0,696"
Cascavel,Francisco Beltrão,4124400,Santo Antônio do Sudoeste,24.980,"327,01","76,39","0,671"
Cascavel,Francisco Beltrão,4128609,Verê,8.077,"312,74","25,83","0,720"
Cascavel,Francisco Beltrão,SÍNTESE,SÍNTESE,305.727,"5.993,96","51,01","0,729"
Cascavel,Pato Branco,4103222,Bom Sucesso do Sul,3.244,"198,58","16,34","0,742"
Cascavel,Pato Branco,4105409,Chopinzinho,21.604,"961,68","22,46","0,740"
Cascavel,Pato Branco,4105706,Clevelândia,14.833,"703,97","21,07","0,694"
Cascavel,Pato Branco,4106456,Coronel Domingos Soares,5.427,"1.511,97","3,59","0,600"
Cascavel,Pato Branco,4106506,Coronel Vivida,24.010,"683,80","35,11","0,723"
Cascavel,Pato Branco,4109658,Honório Serpa,4.803,"503,90","9,53","0,683"
Cascavel,Pato Branco,4111209,Itapejara d'Oeste,12.869,"251,36","51,20","0,731"
Cascavel,Pato Branco,4114401,Mangueirinha,16.737,"1.058,36","15,81","0,688"
Cascavel,Pato Branco,4115309,Mariópolis,6.506,"229,89","28,30","0,698"
Cascavel,Pato Branco,4117602,Palmas,50.238,"1.561,47","32,17","0,660"
Cascavel,Pato Branco,4118501,Pato Branco,97.821,"539,15","181,44","0,782"
Cascavel,Pato Branco,4126272,Saudade do Iguaçu,6.413,"152,08","42,17","0,699"
Cascavel,Pato Branco,4126652,Sulina,3.498,"170,76","20,48","0,693"
Cascavel,Pato Branco,4124806,São João,12.297,"387,15","31,76","0,727"
Cascavel,Pato Branco,4128708,Vitorino,10.549,"308,08","34,24","0,702"
Cascavel,Pato Branco,SÍNTESE,SÍNTESE,290.849,"9.222,20","31,54","0,725"
Cascavel,Laranjeiras do Sul,4107546,Espigão Alto do Iguaçu,4.880,"325,58","14,99","0,636"
Cascavel,Laranjeiras do Sul,4113304,Laranjeiras do Sul,33.179,"677,93","48,94","0,706"
Cascavel,Laranjeiras do Sul,4115457,Marquinho,4.491,"518,15","8,67","0,614"
Cascavel,Laranjeiras do Sul,4117057,Nova Laranjeiras,12.298,"1.201,25","10,24","0,642"
Cascavel,Laranjeiras do Sul,4120150,Porto Barreiro,3.057,"363,55","8,41","0,688"
Cascavel,Laranjeiras do Sul,4120903,Quedas do Iguaçu,31.423,"822,35","38,21","0,681"
Cascavel,Laranjeiras do Sul,4122156,Rio Bonito do Iguaçu,14.297,"684,70","20,88","0,629"
Cascavel,Laranjeiras do Sul,4128658,Virmond,3.828,"248,58","15,40","0,722"
Cascavel,Laranjeiras do Sul,SÍNTESE,SÍNTESE,107.453,"4.842,09","22,19","0,674"
Cascavel,Dois Vizinhos,4103024,Boa Esperança do Iguaçu,2.421,"152,25","15,90","0,700"
Cascavel,Dois Vizinhos,4106571,Cruzeiro do Iguaçu,4.129,"161,29","25,60","0,709"
Cascavel,Dois Vizinhos,4107207,Dois Vizinhos,47.589,"418,16","113,81","0,767"
Cascavel,Dois Vizinhos,4117255,Nova Prata do Iguaçu,13.340,"352,06","37,89","0,716"
Cascavel,Dois Vizinhos,4123006,Salto do Lontra,15.706,"311,97","50,34","0,718"
Cascavel,Dois Vizinhos,4125209,São Jorge d'Oeste,9.587,"379,44","25,27","0,722"
Cascavel,Dois Vizinhos,SÍNTESE,SÍNTESE,92.772,"1.775,17","52,26","0,742"
Cascavel,Marechal Cândido Rondon,4107538,Entre Rios do Oeste,4.770,"120,29","39,65","0,761"
Cascavel,Marechal Cândido Rondon,4114609,Marechal Cândido Rondon,58.734,"743,59","78,99","0,774"
Cascavel,Marechal Cândido Rondon,4115853,Mercedes,6.194,"197,14","31,42","0,740"
Cascavel,Marechal Cândido Rondon,4117222,Nova Santa Rosa,8.581,"204,67","41,93","0,731"
Cascavel,Marechal Cândido Rondon,4118451,Pato Bragado,6.004,"136,48","43,99","0,747"
Cascavel,Marechal Cândido Rondon,4120853,Quatro Pontes,4.672,"115,67","40,39","0,791"
Cascavel,Marechal Cândido Rondon,SÍNTESE,SÍNTESE,88.955,"1.517,84","58,61","0,766"
Maringá,Maringá,4102109,Astorga,26.203,"435,21","60,21","0,747"
Maringá,Maringá,4102208,Atalaia,4.046,"137,08","29,52","0,736"
Maringá,Maringá,4107306,Doutor Camargo,6.517,"118,29","55,09","0,746"
Maringá,Maringá,4107801,Floraí,4.805,"190,81","25,18","0,745"
Maringá,Maringá,4107900,Floresta,11.522,"158,33","72,77","0,736"
Maringá,Maringá,4108106,Flórida,2.711,"83,05","32,64","0,732"
Maringá,Maringá,4110003,Iguaraçu,5.693,"164,54","34,60","0,758"
Maringá,Maringá,4111100,Itambé,6.228,"244,50","25,47","0,746"
Maringá,Maringá,4111605,Ivatuba,2.685,"96,43","27,84","0,766"
Maringá,Maringá,4114203,Mandaguari,38.313,"335,91","114,06","0,751"
Maringá,Maringá,4114104,Mandaguaçu,34.521,"293,79","117,50","0,718"
Maringá,Maringá,4114807,Marialva,44.749,"474,95","94,22","0,735"
Maringá,Maringá,4115200,Maringá,429.660,"487,91","880,61","0,808"
Maringá,Maringá,4116307,Munhoz de Melo,4.057,"137,03","29,61","0,726"
Maringá,Maringá,4116901,Nova Esperança,27.142,"402,05","67,51","0,722"
Maringá,Maringá,4117404,Ourizona,3.193,"176,46","18,09","0,720"
Maringá,Maringá,4117503,Paiçandu,48.695,"170,82","285,07","0,716"
Maringá,Maringá,4120408,Presidente Castelo Branco,4.304,"155,63","27,66","0,713"
Maringá,Maringá,4123402,Santa Fé,11.730,"276,26","42,46","0,705"
Maringá,Maringá,4126256,Sarandi,128.106,"103,94","1.232,50","0,695"
Maringá,Maringá,4125308,São Jorge do Ivaí,5.170,"315,09","16,41","0,743"
Maringá,Maringá,4128302,Uniflor,2.106,"95,73","22,00","0,720"
Maringá,Maringá,4101150,Ângulo,3.357,"106,02","31,66","0,721"
Maringá,Maringá,SÍNTESE,SÍNTESE,855.513,"5.159,83","165,80","0,764"
Maringá,Campo Mourão,4100459,Altamira do Paraná,3.496,"386,95","9,03","0,667"
Maringá,Campo Mourão,4101705,Araruna,14.894,"492,52","30,24","0,704"
Maringá,Campo Mourão,4102505,Barbosa Ferraz,10.580,"536,10","19,74","0,696"
Maringá,Campo Mourão,4103008,Boa Esperança,4.595,"301,13","15,26","0,720"
Maringá,Campo Mourão,4103909,Campina da Lagoa,16.014,"798,99","20,04","0,704"
Maringá,Campo Mourão,4104303,Campo Mourão,104.122,"748,05","139,19","0,757"
Maringá,Campo Mourão,4106555,Corumbataí do Sul,3.770,"167,92","22,45","0,638"
Maringá,Campo Mourão,4107504,Engenheiro Beltrão,12.347,"470,83","26,22","0,730"
Maringá,Campo Mourão,4107553,Farol,2.994,"289,23","10,35","0,715"
Maringá,Campo Mourão,4107702,Fênix,4.488,"232,21","19,33","0,716"
Maringá,Campo Mourão,4108601,Goioerê,30.025,"563,95","53,24","0,731"
Maringá,Campo Mourão,4110805,Iretama,10.832,"570,72","18,98","0,665"
Maringá,Campo Mourão,4112207,Janiópolis,5.807,"337,91","17,19","0,696"
Maringá,Campo Mourão,4112959,Juranda,7.899,"354,52","22,28","0,708"
Maringá,Campo Mourão,4113734,Luiziana,6.659,"915,60","7,27","0,668"
Maringá,Campo Mourão,4114005,Mamborê,13.551,"787,33","17,21","0,719"
Maringá,Campo Mourão,4116109,Moreira Sales,9.949,"356,71","27,89","0,675"
Maringá,Campo Mourão,4116802,Nova Cantu,6.739,"552,87","12,19","0,658"
Maringá,Campo Mourão,4118808,Peabiru,13.494,"467,54","28,86","0,723"
Maringá,Campo Mourão,4120655,Quarto Centenário,4.127,"320,78","12,87","0,710"
Maringá,Campo Mourão,4121109,Quinta do Sol,5.052,"326,14","15,49","0,715"
Maringá,Campo Mourão,4121356,Rancho Alegre D'Oeste,2.623,"241,19","10,88","0,704"
Maringá,Campo Mourão,4122503,Roncador,11.339,"741,71","15,29","0,681"
Maringá,Campo Mourão,4128005,Ubiratã,25.732,"653,10","39,40","0,739"
Maringá,Campo Mourão,SÍNTESE,SÍNTESE,331.128,"11.614,00","28,51","0,723"
Maringá,Umuarama,4128625,Alto Paraíso,3.067,"967,76","3,17","0,678"
Maringá,Umuarama,4100707,Alto Piquiri,9.771,"448,37","21,79","0,676"
Maringá,Umuarama,4100509,Altônia,18.634,"663,96","28,06","0,721"
Maringá,Umuarama,4103370,Brasilândia do Sul,3.861,"291,04","13,27","0,681"
Maringá,Umuarama,4103479,Cafezal do Sul,4.580,"335,73","13,64","0,692"
Maringá,Umuarama,4105607,Cidade Gaúcha,11.705,"402,24","29,10","0,718"
Maringá,Umuarama,4106605,Cruzeiro do Oeste,24.859,"776,10","32,03","0,717"
Maringá,Umuarama,4107256,Douradina,9.631,"420,53","22,90","0,724"
Maringá,Umuarama,4107520,Esperança Nova,1.852,"141,32","13,11","0,689"
Maringá,Umuarama,4108320,Francisco Alves,8.573,"320,12","26,78","0,669"
Maringá,Umuarama,4109906,Icaraíma,9.149,"675,24","13,55","0,666"
Maringá,Umuarama,4110607,Iporã,16.102,"648,62","24,83","0,706"
Maringá,Umuarama,4111555,Ivaté,6.788,"410,22","16,55","0,706"
Maringá,Umuarama,4114708,Maria Helena,5.926,"486,54","12,18","0,703"
Maringá,Umuarama,4115101,Mariluz,9.910,"430,43","23,02","0,639"
Maringá,Umuarama,4117206,Nova Olímpia,5.982,"136,35","43,87","0,710"
Maringá,Umuarama,4118857,Perobal,7.599,"409,06","18,58","0,713"
Maringá,Umuarama,4118907,Pérola,12.389,"236,07","52,48","0,700"
Maringá,Umuarama,4125357,São Jorge do Patrocínio,6.690,"404,02","16,56","0,676"
Maringá,Umuarama,4126900,Tapira,5.807,"434,37","13,37","0,697"
Maringá,Umuarama,4128104,Umuarama,123.059,"1.234,00","99,72","0,761"
Maringá,Umuarama,4128807,Xambrê,5.835,"360,04","16,21","0,706"
Maringá,Umuarama,SÍNTESE,SÍNTESE,311.769,"10.632,13","29,32","0,723"
Maringá,Paranavaí,4100608,Alto Paraná,14.183,"409,01","34,68","0,696"
Maringá,Paranavaí,4100905,Amaporã,4.688,"384,91","12,18","0,669"
Maringá,Paranavaí,4107108,Diamante do Norte,5.139,"242,89","21,16","0,723"
Maringá,Paranavaí,4108908,Guairaçá,6.762,"496,29","13,63","0,693"
Maringá,Paranavaí,4111308,Itaúna do Sul,3.607,"127,00","28,40","0,656"
Maringá,Paranavaí,4115002,Marilena,7.450,"231,35","32,20","0,681"
Maringá,Paranavaí,4115903,Mirador,2.248,"222,02","10,13","0,680"
Maringá,Paranavaí,4116505,Nova Aliança do Ivaí,1.322,"130,61","10,12","0,717"
Maringá,Paranavaí,4117107,Nova Londrina,13.074,"272,27","48,02","0,758"
Maringá,Paranavaí,4118402,Paranavaí,96.209,"1.197,39","80,35","0,763"
Maringá,Paranavaí,4118006,Paraíso do Norte,13.728,"205,22","66,89","0,746"
Maringá,Paranavaí,4119707,Planaltina do Paraná,4.125,"356,28","11,58","0,705"
Maringá,Paranavaí,4124202,Santo Antônio do Caiuá,2.474,"221,39","11,17","0,696"
Maringá,Paranavaí,4124608,São Carlos do Ivaí,6.727,"225,08","29,89","0,682"
Maringá,Paranavaí,4124905,São João do Caiuá,5.607,"305,39","18,36","0,664"
Maringá,Paranavaí,4126702,Tamboara,4.986,"193,32","25,79","0,731"
Maringá,Paranavaí,4127304,Terra Rica,14.961,"698,25","21,43","0,710"
Maringá,Paranavaí,SÍNTESE,SÍNTESE,207.290,"5.918,67","35,02","0,734"
Maringá,Cianorte,4105508,Cianorte,82.988,"807,80","102,73","0,755"
Maringá,Cianorte,4109104,Guaporema,2.210,"200,41","11,03","0,719"
Maringá,Cianorte,4110409,Indianópolis,4.544,"122,39","37,13","0,724"
Maringá,Cianorte,4112405,Japurá,9.393,"165,19","56,86","0,712"
Maringá,Cianorte,4113007,Jussara,6.786,"207,01","32,78","0,718"
Maringá,Cianorte,4122602,Rondon,9.255,"557,26","16,61","0,713"
Maringá,Cianorte,4125555,São Manoel do Paraná,2.176,"95,38","22,81","0,725"
Maringá,Cianorte,4126108,São Tomé,5.282,"218,62","24,16","0,725"
Maringá,Cianorte,4126801,Tapejara,16.326,"590,93","27,63","0,703"
Maringá,Cianorte,4127205,Terra Boa,18.168,"323,63","56,14","0,728"
Maringá,Cianorte,4127908,Tuneiras do Oeste,8.067,"705,23","11,44","0,695"
Maringá,Cianorte,SÍNTESE,SÍNTESE,165.195,"3.993,85","41,36","0,735"
Maringá,Colorado,4105904,Colorado,23.313,"408,53","57,07","0,730"
Maringá,Colorado,4106704,Cruzeiro do Sul,4.543,"259,12","17,53","0,713"
Maringá,Colorado,4110300,Inajá,2.481,"194,70","12,74","0,705"
Maringá,Colorado,4110904,Itaguajé,4.530,"195,49","23,17","0,707"
Maringá,Colorado,4112603,Jardim Olinda,1.349,"128,52","10,50","0,682"
Maringá,Colorado,4113601,Lobato,4.707,"240,90","19,54","0,744"
Maringá,Colorado,4116406,Nossa Senhora das Graças,3.669,"186,26","19,70","0,709"
Maringá,Colorado,4118105,Paranacity,9.549,"348,15","27,43","0,717"
Maringá,Colorado,4118303,Paranapoema,2.352,"175,88","13,37","0,709"
Maringá,Colorado,4123600,Santa Inês,1.745,"156,42","11,16","0,717"
Maringá,Colorado,4124509,Santo Inácio,6.463,"278,54","23,20","0,739"
Maringá,Colorado,SÍNTESE,SÍNTESE,64.701,"2.572,51","25,15","0,723"
Maringá,Loanda,4113502,Loanda,23.966,"722,09","33,19","0,725"
Maringá,Loanda,4120200,Porto Rico,3.370,"219,24","15,37","0,735"
Maringá,Loanda,4121000,Querência do Norte,10.625,"911,72","11,65","0,688"
Maringá,Loanda,4123303,Santa Cruz de Monte Castelo,8.840,"444,97","19,87","0,710"
Maringá,Loanda,4123709,Santa Isabel do Ivaí,9.043,"349,43","25,88","0,720"
Maringá,Loanda,4123956,Santa Mônica,3.361,"260,49","12,90","0,704"
Maringá,Loanda,4125902,São Pedro do Paraná,2.726,"248,87","10,95","0,704"
Maringá,Loanda,SÍNTESE,SÍNTESE,61.931,"3.156,81","19,62","0,714"
Londrina,Londrina,4100806,Alvorada do Sul,10.481,"424,25","24,70","0,708"
Londrina,Londrina,4101507,Arapongas,124.838,"383,37","325,63","0,748"
Londrina,Londrina,4101903,Assaí,13.477,"440,35","30,61","0,728"
Londrina,Londrina,4102802,Bela Vista do Paraíso,14.982,"246,23","60,85","0,716"
Londrina,Londrina,4103404,Cafeara,2.648,"184,26","14,37","0,693"
Londrina,Londrina,4103701,Cambé,110.923,"499,58","222,03","0,734"
Londrina,Londrina,4105102,Centenário do Sul,10.903,"370,63","29,42","0,668"
Londrina,Londrina,4108007,Florestópolis,11.653,"246,85","47,21","0,701"
Londrina,Londrina,4109203,Guaraci,4.743,"213,07","22,26","0,698"
Londrina,Londrina,4109807,Ibiporã,53.276,"299,00","178,18","0,726"
Londrina,Londrina,4111902,Jaguapitã,15.908,"475,00","33,49","0,715"
Londrina,Londrina,4112702,Jataizinho,11.996,"161,13","74,45","0,687"
Londrina,Londrina,4113700,Londrina,581.382,"1.647,80","352,82","0,778"
Londrina,Londrina,4113809,Lupionópolis,4.929,"121,66","40,51","0,710"
Londrina,Londrina,4116000,Miraselva,2.017,"90,57","22,27","0,748"
Londrina,Londrina,4119657,Pitangueiras,3.141,"123,08","25,52","0,710"
Londrina,Londrina,4120002,Porecatu,11.271,"291,66","38,64","0,738"
Londrina,Londrina,4120333,Prado Ferreira,3.816,"152,88","24,96","0,710"
Londrina,Londrina,4120507,Primeiro de Maio,10.064,"410,38","24,52","0,701"
Londrina,Londrina,4122404,Rolândia,75.818,"456,23","166,18","0,739"
Londrina,Londrina,4122701,Sabáudia,9.511,"191,25","49,73","0,740"
Londrina,Londrina,4126504,Sertanópolis,16.210,"505,49","32,07","0,723"
Londrina,Londrina,4126678,Tamarana,10.540,"473,28","22,27","0,621"
Londrina,Londrina,SÍNTESE,SÍNTESE,1.114.527,"8.408,00","132,56","0,754"
Londrina,Santo Antônio da Platina,4100103,Abatiá,7.233,"227,92","31,73","0,687"
Londrina,Santo Antônio da Platina,4101101,Andirá,19.989,"234,64","85,19","0,725"
Londrina,Santo Antônio da Platina,4102703,Barra do Jacaré,2.872,"115,86","24,79","0,744"
Londrina,Santo Antônio da Platina,4103602,Cambará,23.393,"367,46","63,66","0,721"
Londrina,Santo Antônio da Platina,4104709,Carlópolis,17.788,"454,17","39,17","0,713"
Londrina,Santo Antônio da Platina,4109005,Guapirama,4.857,"189,37","25,65","0,702"
Londrina,Santo Antônio da Platina,4111803,Jacarezinho,41.493,"603,38","68,77","0,743"
Londrina,Santo Antônio da Platina,4112801,Joaquim Távora,12.341,"288,92","42,71","0,700"
Londrina,Santo Antônio da Platina,4112900,Jundiaí do Sul,3.372,"316,75","10,65","0,688"
Londrina,Santo Antônio da Platina,4120705,Quatiguá,8.426,"112,57","74,85","0,714"
Londrina,Santo Antônio da Platina,4121802,Ribeirão Claro,12.856,"625,87","20,54","0,716"
Londrina,Santo Antônio da Platina,4121901,Ribeirão do Pinhal,13.158,"374,75","35,11","0,701"
Londrina,Santo Antônio da Platina,4122909,Salto do Itararé,5.214,"200,90","25,95","0,704"
Londrina,Santo Antônio da Platina,4124004,Santana do Itararé,5.646,"251,83","22,42","0,687"
Londrina,Santo Antônio da Platina,4124103,Santo Antônio da Platina,45.628,"720,39","63,34","0,718"
Londrina,Santo Antônio da Platina,4126603,Siqueira Campos,24.031,"277,11","86,72","0,704"
Londrina,Santo Antônio da Platina,4125407,São José da Boa Vista,6.023,"399,89","15,06","0,671"
Londrina,Santo Antônio da Platina,4127809,Tomazina,8.523,"591,94","14,40","0,699"
Londrina,Santo Antônio da Platina,4128500,Wenceslau Braz,19.398,"397,69","48,78","0,687"
Londrina,Santo Antônio da Platina,SÍNTESE,SÍNTESE,282.241,"6.751,41","41,80","0,713"
Londrina,Apucarana,4101408,Apucarana,134.910,"556,77","242,31","0,748"
Londrina,Apucarana,4103206,Bom Sucesso,6.674,"321,56","20,76","0,686"
Londrina,Apucarana,4103305,Borrazópolis,7.818,"338,35","23,11","0,717"
Londrina,Apucarana,4103503,Califórnia,8.963,"141,82","63,20","0,722"
Londrina,Apucarana,4103800,Cambira,10.045,"166,27","60,41","0,725"
Londrina,Apucarana,4112108,Jandaia do Sul,21.930,"188,10","116,59","0,747"
Londrina,Apucarana,4113106,Kaloré,4.666,"194,08","24,04","0,721"
Londrina,Apucarana,4114906,Marilândia do Sul,8.761,"384,42","22,79","0,691"
Londrina,Apucarana,4115507,Marumbi,4.780,"207,69","23,02","0,721"
Londrina,Apucarana,4115754,Mauá da Serra,9.689,"107,54","90,10","0,652"
Londrina,Apucarana,4117297,Novo Itacolomi,3.227,"159,64","20,21","0,710"
Londrina,Apucarana,4122107,Rio Bom,3.214,"177,84","18,07","0,729"
Londrina,Apucarana,4125803,São Pedro do Ivaí,8.514,"323,21","26,34","0,717"
Londrina,Apucarana,SÍNTESE,SÍNTESE,233.191,"3.267,29","71,37","0,734"
Londrina,Cornélio Procópio,4102406,Bandeirantes,31.747,"445,19","71,31","0,727"
Londrina,Cornélio Procópio,4106001,Congonhinhas,8.445,"535,96","15,76","0,668"
Londrina,Cornélio Procópio,4106407,Cornélio Procópio,45.720,"636,59","71,82","0,759"
Londrina,Cornélio Procópio,4111001,Itambaracá,5.819,"207,34","28,07","0,694"
Londrina,Cornélio Procópio,4113403,Leópolis,3.725,"344,92","10,80","0,707"
Londrina,Cornélio Procópio,4116604,Nova América da Colina,3.286,"129,48","25,38","0,698"
Londrina,Cornélio Procópio,4117008,Nova Fátima,7.140,"283,42","25,19","0,688"
Londrina,Cornélio Procópio,4117214,Nova Santa Bárbara,4.308,"80,78","53,33","0,680"
Londrina,Cornélio Procópio,4121307,Rancho Alegre,3.472,"167,65","20,71","0,707"
Londrina,Cornélio Procópio,4123105,Santa Amélia,3.358,"77,85","43,13","0,653"
Londrina,Cornélio Procópio,4123204,Santa Cecília do Pavão,3.357,"105,08","31,95","0,723"
Londrina,Cornélio Procópio,4123907,Santa Mariana,10.941,"425,70","25,70","0,700"
Londrina,Cornélio Procópio,4124301,Santo Antônio do Paraíso,2.088,"162,65","12,84","0,716"
Londrina,Cornélio Procópio,4126207,Sapopema,6.778,"677,59","10,00","0,655"
Londrina,Cornélio Procópio,4126405,Sertaneja,5.654,"444,49","12,72","0,725"
Londrina,Cornélio Procópio,4124707,São Jerônimo da Serra,10.884,"824,27","13,20","0,637"
Londrina,Cornélio Procópio,4126009,São Sebastião da Amoreira,8.063,"226,87","35,54","0,715"
Londrina,Cornélio Procópio,4128401,Uraí,10.308,"235,86","43,70","0,721"
Londrina,Cornélio Procópio,SÍNTESE,SÍNTESE,175.093,"6.011,69","29,13","0,715"
Londrina,Ivaiporã,4101655,Arapuã,3.573,"217,60","16,42","0,676"
Londrina,Ivaiporã,4101853,Ariranha do Ivaí,2.351,"236,04","9,96","0,670"
Londrina,Ivaiporã,4106852,Cruzmaltina,2.870,"306,24","9,37","0,666"
Londrina,Ivaiporã,4104402,Cândido de Abreu,15.081,"1.506,15","10,01","0,629"
Londrina,Ivaiporã,4107603,Faxinal,16.596,"716,80","23,15","0,687"
Londrina,Ivaiporã,4108551,Godoy Moreira,2.911,"126,96","22,93","0,675"
Londrina,Ivaiporã,4108700,Grandes Rios,5.527,"311,51","17,74","0,658"
Londrina,Ivaiporã,4111506,Ivaiporã,33.566,"436,38","76,92","0,730"
Londrina,Ivaiporã,4112504,Jardim Alegre,12.138,"425,37","28,54","0,689"
Londrina,Ivaiporã,4113429,Lidianópolis,3.987,"151,78","26,27","0,680"
Londrina,Ivaiporã,4113759,Lunardelli,4.864,"191,06","25,46","0,690"
Londrina,Ivaiporã,4114500,Manoel Ribas,14.675,"571,45","25,68","0,716"
Londrina,Ivaiporã,4122172,Rio Branco do Ivaí,3.841,"378,04","10,16","0,640"
Londrina,Ivaiporã,4122651,Rosário do Ivaí,5.484,"377,63","14,52","0,662"
Londrina,Ivaiporã,4125001,São João do Ivaí,10.639,"351,89","30,23","0,693"
Londrina,Ivaiporã,SÍNTESE,SÍNTESE,138.103,"6.304,90","21,90","0,690"
Londrina,Ibaiti,4106100,Conselheiro Mairinck,3.474,"204,44","16,99","0,707"
Londrina,Ibaiti,4107751,Figueira,8.129,"129,77","62,64","0,677"
Londrina,Ibaiti,4109708,Ibaiti,29.464,"902,80","32,64","0,710"
Londrina,Ibaiti,4111704,Jaboti,5.655,"139,22","40,62","0,718"
Londrina,Ibaiti,4112306,Japira,5.054,"189,29","26,70","0,696"
Londrina,Ibaiti,4119202,Pinhalão,6.676,"220,05","30,34","0,697"
Londrina,Ibaiti,SÍNTESE,SÍNTESE,58.452,"1.785,57","32,74","0,703"
Ponta Grossa,Ponta Grossa,4101606,Arapoti,26.325,"1.363,84","19,30","0,723"
Ponta Grossa,Ponta Grossa,4104659,Carambeí,24.469,"647,02","37,82","0,728"
Ponta Grossa,Ponta Grossa,4104907,Castro,75.644,"2.526,50","29,94","0,703"
Ponta Grossa,Ponta Grossa,4110508,Ipiranga,14.317,"902,39","15,87","0,652"
Ponta Grossa,Ponta Grossa,4111407,Ivaí,13.476,"600,21","22,45","0,651"
Ponta Grossa,Ponta Grossa,4112009,Jaguariaíva,36.384,"1.443,26","25,21","0,743"
Ponta Grossa,Ponta Grossa,4117701,Palmeira,34.948,"1.473,23","23,72","0,718"
Ponta Grossa,Ponta Grossa,4119400,Piraí do Sul,23.977,"1.349,15","17,77","0,708"
Ponta Grossa,Ponta Grossa,4119905,Ponta Grossa,375.632,"2.044,90","183,69","0,763"
Ponta Grossa,Ponta Grossa,4120101,Porto Amazonas,4.072,"186,58","21,82","0,700"
Ponta Grossa,Ponta Grossa,4126306,Sengés,17.256,"1.438,17","12,00","0,663"
Ponta Grossa,Ponta Grossa,4125100,São João do Triunfo,13.899,"718,68","19,34","0,629"
Ponta Grossa,Ponta Grossa,SÍNTESE,SÍNTESE,660.399,"14.693,93","44,94","0,737"
Ponta Grossa,Telêmaco Borba,4107009,Curiúva,13.784,"576,26","23,92","0,656"
Ponta Grossa,Telêmaco Borba,4110078,Imbaú,15.068,"331,94","45,39","0,622"
Ponta Grossa,Telêmaco Borba,4117305,Ortigueira,24.706,"2.431,67","10,16","0,609"
Ponta Grossa,Telêmaco Borba,4121703,Reserva,24.878,"1.646,10","15,11","0,618"
Ponta Grossa,Telêmaco Borba,4127106,Telêmaco Borba,77.479,"1.379,02","56,18","0,734"
Ponta Grossa,Telêmaco Borba,4127502,Tibagi,20.374,"2.996,47","6,80","0,664"
Ponta Grossa,Telêmaco Borba,4128534,Ventania,9.760,"819,33","11,91","0,650"
Ponta Grossa,Telêmaco Borba,SÍNTESE,SÍNTESE,186.049,"10.180,79","18,27","0,675"
Ponta Grossa,Irati,4107736,Fernandes Pinheiro,6.400,"405,49","15,78","0,645"
Ponta Grossa,Irati,4110102,Imbituva,30.849,"758,10","40,69","0,660"
Ponta Grossa,Irati,4110706,Irati,61.004,"1.000,19","60,99","0,726"
Ponta Grossa,Irati,4113908,Mallet,13.681,"758,51","18,04","0,708"
Ponta Grossa,Irati,4121505,Rebouças,14.825,"485,18","30,56","0,672"
Ponta Grossa,Irati,4122008,Rio Azul,14.174,"596,17","23,78","0,687"
Ponta Grossa,Irati,4127007,Teixeira Soares,9.540,"902,33","10,57","0,671"
Ponta Grossa,Irati,SÍNTESE,SÍNTESE,150.473,"4.905,97","30,67","0,695"
